[ec2-user@ip-10-2-10-252 ~]$ mysql -h udacity-read-replica.cwqvz9jmcfqr.us-west-1.rds.amazonaws.com -P 3306 -u admin -p
Enter password:
Welcome to the MariaDB monitor.  Commands end with ; or \g.
Your MySQL connection id is 4
Server version: 5.7.22 Source distribution

Copyright (c) 2000, 2018, Oracle, MariaDB Corporation Ab and others.

Type 'help;' or '\h' for help. Type '\c' to clear the current input statement.

MySQL [(none)]> use udacity;
Reading table information for completion of table and column names
You can turn off this feature to get a quicker startup with -A

Database changed
MySQL [udacity]> show tables;
+-------------------+
| Tables_in_udacity |
+-------------------+
| users             |
+-------------------+
1 row in set (0.00 sec)

MySQL [udacity]> select * from users;
+---------+------+------------+--------------+---------------------+
| user_id | name | dob        | address      | created_at          |
+---------+------+------------+--------------+---------------------+
|       1 | Hulk | 1900-01-01 | Planet Earth | 2020-07-13 04:05:55 |
+---------+------+------------+--------------+---------------------+
1 row in set (0.00 sec)

MySQL [udacity]> insert into users ('Captain America', STR_TO_DATE('1930-01-01', '%Y-%m-%d'), 'New York');
ERROR 1064 (42000): You have an error in your SQL syntax; check the manual that corresponds to your MySQL server version for the right syntax to use near ''Captain America', STR_TO_DATE('1930-01-01', '%Y-%m-%d'), 'New York')' at line 1
MySQL [udacity]>
MySQL [udacity]>
MySQL [udacity]> insert into users (name, dob, address) values ('Captain America', STR_TO_DATE('1930-01-01', '%Y-%m-%d'), 'New York');
Query OK, 1 row affected (0.01 sec)

MySQL [udacity]> select * from users;
+---------+-----------------+------------+--------------+---------------------+
| user_id | name            | dob        | address      | created_at          |
+---------+-----------------+------------+--------------+---------------------+
|       1 | Hulk            | 1900-01-01 | Planet Earth | 2020-07-13 04:05:55 |
|       2 | Captain America | 1930-01-01 | New York     | 2020-07-14 02:22:28 |
+---------+-----------------+------------+--------------+---------------------+
2 rows in set (0.00 sec)

MySQL [udacity]>