ssh -i .aws/jump-box.pem ec2-user@ec2-34-220-111-103.us-west-2.compute.amazonaws.com
The authenticity of host 'ec2-34-220-111-103.us-west-2.compute.amazonaws.com (34.220.111.103)' can't be established.
ECDSA key fingerprint is SHA256:yH2sonAfm0cuflgF+lHwXiSZf2HHfNj8bxJkn7/3D9o.
Are you sure you want to continue connecting (yes/no/[fingerprint])? yes
Warning: Permanently added 'ec2-34-220-111-103.us-west-2.compute.amazonaws.com,34.220.111.103' (ECDSA) to the list of known hosts.

       __|  __|_  )
       _|  (     /   Amazon Linux 2 AMI
      ___|\___|___|

https://aws.amazon.com/amazon-linux-2/
9 package(s) needed for security, out of 16 available
Run "sudo yum update" to apply all updates.
[ec2-user@ip-10-1-10-227 ~]$
[ec2-user@ip-10-1-10-227 ~]$
[ec2-user@ip-10-1-10-227 ~]$ sudo yum install mysql
Loaded plugins: extras_suggestions, langpacks, priorities, update-motd
Resolving Dependencies
--> Running transaction check
---> Package mariadb.x86_64 1:5.5.64-1.amzn2 will be installed
--> Finished Dependency Resolution

Dependencies Resolved

===============================================================================================================
 Package                Arch                  Version                          Repository                 Size
===============================================================================================================
Installing:
 mariadb                x86_64                1:5.5.64-1.amzn2                 amzn2-core                9.0 M

Transaction Summary
===============================================================================================================
Install  1 Package

Total download size: 9.0 M
Installed size: 49 M
Is this ok [y/d/N]: y
Downloading packages:
mariadb-5.5.64-1.amzn2.x86_64.rpm                                                       | 9.0 MB  00:00:00
Running transaction check
Running transaction test
Transaction test succeeded
Running transaction
  Installing : 1:mariadb-5.5.64-1.amzn2.x86_64                                                             1/1
  Verifying  : 1:mariadb-5.5.64-1.amzn2.x86_64                                                             1/1

Installed:
  mariadb.x86_64 1:5.5.64-1.amzn2

Complete!
[ec2-user@ip-10-1-10-227 ~]$ mysql -h udacity.cgc3nvgdbhs5.us-west-2.rds.amazonaws.com
ERROR 1045 (28000): Access denied for user 'ec2-user'@'10.1.10.227' (using password: NO)
[ec2-user@ip-10-1-10-227 ~]$ mysql -h udacity.cgc3nvgdbhs5.us-west-2.rds.amazonaws.com -P 3306 -u admin -p
Enter password:
Welcome to the MariaDB monitor.  Commands end with ; or \g.
Your MySQL connection id is 24
Server version: 5.7.22-log Source distribution

Copyright (c) 2000, 2018, Oracle, MariaDB Corporation Ab and others.

Type 'help;' or '\h' for help. Type '\c' to clear the current input statement.

MySQL [(none)]>
MySQL [(none)]>
MySQL [(none)]> CREATE TABLE IF NOT EXISTS users (
    ->     task_id INT AUTO_INCREMENT PRIMARY KEY,
    ->     name VARCHAR(255) NOT NULL,
    ->     dob DATE,
    ->     address TEXT,
    ->     created_at TIMESTAMP DEFAULT CURRENT_TIMESTAMP
    -> )  ENGINE=INNODB;
ERROR 1046 (3D000): No database selected
MySQL [(none)]>
MySQL [(none)]> show databases;
+--------------------+
| Database           |
+--------------------+
| information_schema |
| innodb             |
| mysql              |
| performance_schema |
| sys                |
| udacity            |
+--------------------+
6 rows in set (0.00 sec)

MySQL [(none)]> use udacity
Database changed
MySQL [udacity]> CREATE TABLE IF NOT EXISTS users (
    ->     task_id INT AUTO_INCREMENT PRIMARY KEY,
    ->     name VARCHAR(255) NOT NULL,
    ->     dob DATE,
    ->     address TEXT,
    ->     created_at TIMESTAMP DEFAULT CURRENT_TIMESTAMP
    -> )  ENGINE=INNODB;
Query OK, 0 rows affected (0.05 sec)

MySQL [udacity]> insert into users ('Hulk', '1900-01-01', 'Planet Earth');
ERROR 1064 (42000): You have an error in your SQL syntax; check the manual that corresponds to your MySQL server version for the right syntax to use near ''Hulk', '1900-01-01', 'Planet Earth')' at line 1
MySQL [udacity]>
MySQL [udacity]>
MySQL [udacity]> delete table users;
ERROR 1064 (42000): You have an error in your SQL syntax; check the manual that corresponds to your MySQL server version for the right syntax to use near 'table users' at line 1
MySQL [udacity]> drop table users;
Query OK, 0 rows affected (0.08 sec)

MySQL [udacity]>
MySQL [udacity]> CREATE TABLE IF NOT EXISTS users (
    ->     user_id INT AUTO_INCREMENT PRIMARY KEY,
    ->     name VARCHAR(255) NOT NULL,
    ->     dob DATE,
    ->     address TEXT,
    ->     created_at TIMESTAMP DEFAULT CURRENT_TIMESTAMP
    -> )  ENGINE=INNODB;
Query OK, 0 rows affected (0.05 sec)

MySQL [udacity]>
MySQL [udacity]> select * from users;
Empty set (0.00 sec)

MySQL [udacity]>
MySQL [udacity]>
MySQL [udacity]>
MySQL [udacity]>
MySQL [udacity]> insert into users(name, dob, address) values('Hulk', STR_TO_DATE('1900-01-01', '%Y-%m-%d'), 'Planet Earth');
Query OK, 1 row affected (0.01 sec)

MySQL [udacity]> select * from users;
+---------+------+------------+--------------+---------------------+
| user_id | name | dob        | address      | created_at          |
+---------+------+------------+--------------+---------------------+
|       1 | Hulk | 1900-01-01 | Planet Earth | 2020-07-13 04:05:55 |
+---------+------+------------+--------------+---------------------+
1 row in set (0.00 sec)

MySQL [udacity]>